<?xml version="1.0" encoding="UTF-8"?>
<Configuration status="INFO">
    <Appenders>
        <Console name="console-log" target="SYSTEM_OUT">
            <PatternLayout pattern="%d{HH:mm:ss.SSS} [%t] %-5level %logger{36} - %msg%n" />
        </Console>
        <RollingFile name="trace-log" filename="../logs/Java9Recipes/Java9Recipes-trace.log"
            filepattern="${com.sun.aas.instanceRoot}/logs/Java9Recipes-trace-%d{yyyyMMddHHmmss}.log">
            <PatternLayout pattern="%d{yyyy-MM-dd HH:mm:ss} [%t] %-5p %c{1}:%L - %msg%n" />
            <Policies>
                <SizeBasedTriggeringPolicy size="100 MB" />
            </Policies>
            <DefaultRolloverStrategy max="20" />
        </RollingFile>
        <RollingFile name="error-log" filename="../logs/Java9Recipes/Java9Recipes-error.log"
            filepattern="${com.sun.aas.instanceRoot}/logs/Java9Recipes-error-%d{yyyyMMddHHmmss}d.log">
            <PatternLayout pattern="%d{yyyy-MM-dd HH:mm:ss} [%t] %-5p %c{1}:%L - %msg%n" />
            <Policies>
                <SizeBasedTriggeringPolicy size="100 MB" />
            </Policies>
            <DefaultRolloverStrategy max="20" />
        </RollingFile>
    </Appenders>
    <Loggers>

        <Root level="debug" additivity="false">
            <AppenderRef ref="console-log"  />
            <AppenderRef ref="trace-log" level="debug"/>
            <AppenderRef ref="error-log" level="error"/>
            
        </Root>
    </Loggers>
</Configuration>